#,Legal / Factual Issue,Why BP's Possession Narrative Is Fundamentally Flawed,"Why the Williams / Buckler Dispossession Was Unlawful, Inhumane & Reparable"
1,The 'Ghost Licence' & Post-Mortem Enforcement,"Established Evidence: BP Pension Trust / BP Properties mailed a unilateral lifetime licence to ""Mrs Buckler"" in October 1974. Mary Doreen Williams did not sign or accept it. She died on 14 March 1983 — four years before the 1987 Court of Appeal ruling and five years before the December 1988 eviction. The licence was personal, non-heritable, and terminated on death (Reconstruction v7.0, p. 14, 39).

Reasoned Inference: A licence personal to a deceased woman cannot lawfully bind her pregnant daughter-in-law and infant grandchildren. BP manufactured ""acceptance"" through silence to a letter addressed to a legal persona Mary did not use. The entire 1988 enforcement chain rests on a permission slip for a dead woman.

Legal Significance: The licence was spent before the 1987 judgment. Using it to evict a living family in 1988 is a jurisdictional defect that undermines the moral and legal authority of every subsequent enforcement step.","Established Evidence: Branwen Buckler was pregnant. The three children at eviction were Hywel (4), Rhys (5), and Amy (3). The family was removed by approximately five bailiffs and 15–20 police officers (bpvsbucker-rundown, p. 15; Reconstruction v7.0, p. 15).

Reasoned Inference: Modern human rights law (HRA 1998, Art. 8; ECHR Art. 8) would treat the eviction of a pregnant mother and infants from a 400-year family home as a grossly disproportionate interference with the right to respect for home and family life. The ""ghost licence"" exposes the enforcement as procedurally rotten.

Legal Significance: The eviction was not estate management; it was the instrumentalization of a deceased grandmother's identity to destroy a living family unit. This warrants reopening on proportionality grounds alone."
2,"Courts Determined Possession, Never Root of Title","Established Evidence: The 1987 Court of Appeal held that the 1974 licence ended adverse possession. The judgment expressly did not provide ""a final judicial determination of the competing historical title claims"" (Reconstruction v7.0, p. 2). The litigation chain (1955 High Court, 1962 County Court, 1974 County Court, 1987 Court of Appeal) addressed only possession, not a comprehensive trial of title from 1667 (Reconstruction v7.0, p. 38–39; TenancyLeaseGHF, ""Third Review"").

Reasoned Inference: The estate was never required to prove its root of title from 1667. It relied on documentary title and tenancy arrangements accepted as sufficient for the narrow possession issue before the court. The possession proceedings were a procedural bypass that avoided a High Court trial of the 320-year title chain.

Legal Significance: A possession order is not a title determination. Reopening for a full title trial is not collateral attack; it is the first genuine opportunity for justice on the fundamental question: ""Who owned this land?""","Established Evidence: The Williams/Buckler family occupied the property from at least 1667 through 1988. Mary Williams consistently asserted ownership through her grandfather and refused all tenancy offers (1959, 1965) (Reconstruction v7.0, p. 18, 28).

Reasoned Inference: The 1987 judgment's characterization of Mary's belief as a ""notion"" (Reconstruction v7.0, p. 39) does not establish the underlying belief was legally incorrect. It merely records the court's language. The family's claim of hereditary ownership was never adjudicated on its merits.

Legal Significance: The family was denied a fair hearing on the only question that mattered. A possession judgment reached without examining the root of title cannot equitably bar a family from seeking a proper determination of their 320-year proprietary claim."
3,The Separate Plot Hypothesis,"Established Evidence: (a) The 1955 possession order was enforced only against the farmland, explicitly excluding the farmhouse and garden due to Mrs Mary Williams's objections (Reconstruction v7.0, p. 9). (b) A fresh possession action was required in 1962 specifically for the farmhouse and garden (Reconstruction v7.0, p. 10). (c) The 1974 licence concerned only the farmhouse, not the farmland. (d) The 1983 Land Registry process allegedly merged two titles (WA231076 and WA240304), corroborating the hypothesis that two distinct legal interests existed (Reconstruction v7.0, p. 23, 27). (e) The 1938 sale particulars described Great House Farm as a single holding, but the family remained in uninterrupted physical occupation (Reconstruction v7.0, p. 8, 32).

Reasoned Inference: These anomalies are consistent with, though do not conclusively prove, the farmhouse plot being a separate legal parcel from the agricultural holding. The 30-year failure to enforce against the farmhouse (1955–1988) is inexplicable if the 1955 order truly covered the whole farm. The 1962 fresh action suggests the 1955 order did not cover the farmhouse parcel.

Legal Significance: If the farmhouse, garden and curtilage were a separate freehold, every possession proceeding from 1955 onwards was directed at the wrong legal parcel. The 1987 judgment, which treated the whole property as a single leased holding, may have proceeded on a materially incorrect factual premise.","Established Evidence: Mary Williams consistently asserted ownership and refused tenancy offers in 1959 and 1965. She pleaded claim of ownership in the 1974 County Court hearing (Reconstruction v7.0, p. 18, 28). Family testimony holds that after the 1876 carve-out and the Daniel Thomas arrangement, the family gained absolute title to the house and garden while surrounding farmland remained on lease (Reconstruction v7.0, p. 18).

Reasoned Inference: Mary's conduct was rational for an owner, not delusional. The repeated need for fresh proceedings against the farmhouse suggests the estate itself recognized the farmhouse occupied a different legal position. The family's belief in ownership was not a ""notion"" but a coherent legal theory supported by documentary gaps in the estate's own records.

Legal Significance: The Separate Plot Hypothesis provides a unified explanation for the 1955 partial enforcement, the 1962 fresh action, the 1974 licence, and the 1983 title merger. It shifts the legal framing from ""squatters resisting eviction"" to ""owners defending their home against misdirected proceedings."""
4,"Missing, Destroyed & Withheld Primary Evidence","Established Evidence: (a) The original 1667 transaction deed has never been located. (b) The Daniel Thomas agreement deeds are missing; copies were reported stolen from Cardiff Central Library and the farmhouse loft by 1984 (Reconstruction v7.0, p. 19; bpvsbucker-rundown, p. 5). (c) No signed 1916 tenancy agreement, 1949 tenancy agreement, or 1965 weekly tenancy has been produced (TenancyLeaseGHF, ""Supplementary Findings""; ""Fourth Review""). (d) The 1955 High Court bundle, 1962 County Court file, and 1974 County Court exhibits are missing or unlocated (Evidence Gap Register, CRT-001/002/003). (e) Billy Buckler's notebook records documents removed by police during the 1988 eviction (Reconstruction v7.0, p. 19). (f) The HM Land Registry first-registration bundle was inaccessible following an FOI refusal, but a July 2026 letter (ref N610CGV) confirms substantial documents survive and await examination (Evidence Gap Register, OWN-004 / SRV-001).

Reasoned Inference: The documentary foundation for BP's title contains evidential voids. The simultaneous disappearance of deeds from both a public library and a private loft in the same period (c. 1984) is consistent with deliberate concealment, not merely administrative coincidence.

Legal Significance: The 1987 Court of Appeal's finding that ""no such documents were, however, ever produced"" (Reconstruction v7.0, p. 39) is technically accurate but legally meaningless if the documents were stolen or suppressed before they could be produced. A case built on missing evidence is not a case built on truth.","Established Evidence: The ECHR application file (14464/88) was destroyed in 2000 (Reconstruction v7.0, p. 15; Evidence Gap Register). Cadw correspondence (C.N. Johns / Mrs Buckler) was confirmed lost/destroyed since 1986/87 (Evidence Gap Register, HER-002). South Wales Police stated no information is held on the eviction (FOI 719/26) despite ITV footage reportedly showing police attendance (Evidence Gap Register, POL-001).

Reasoned Inference: The pattern of missing records, destroyed files, and refused FOIs creates a presumption that the full truth has been suppressed. The destruction of the ECHR file removed the primary record of the family's human rights complaint.

Legal Significance: The family was denied the evidentiary tools to prove its case. Reopening is justified because new evidence — including the surviving Land Registry bundles, Bute Estate records at the National Library of Wales, and the 1983 merger documents — has become available or identifiable that was not before the 1987 court."
5,Land Registry Registration During Active Dispute & Possible Title Merger,"Established Evidence: BP first registered title WA231076 in 1982 and submitted application WA240304 on 23 February 1983. Mary Doreen Williams was alive, in physical occupation, and actively disputing ownership until her death on 14 March 1983 (Reconstruction v7.0, p. 13–14). The 1983 amalgamation of titles suggests two separate legal interests may have been merged (Reconstruction v7.0, p. 23, 27). HM Land Registry's July 2026 schedule (N610CGV) lists the surviving bundle, including a 1905 conveyance, 1975 conveyance, 1982 conveyance, Form 1E, Form 1C, A13/DL schedules, and Linklaters & Paines correspondence (Evidence Gap Register, SRV-001).

Reasoned Inference: Registration occurred while an open dispute existed and while 1974 litigation was unresolved. The 1983 merger may have conflated a leased farmland reversion with a separate farmhouse freehold, potentially registering an interest broader than the estate actually held.

Legal Significance: If the farmhouse plot was registered as part of the farmland leasehold without examining the occupant's overriding rights, the registration is voidable. The family's exclusion from the registration process — while they were physically present and legally contesting — violates the fundamental principle that registration must reflect reality, not merely paper chains.","Established Evidence: The Land Registry bundle survives but was long inaccessible. The 1983 amalgamation paperwork is listed among the closed title WA240304 documents (Evidence Gap Register, SRV-001).

Reasoned Inference: These documents may reveal whether BP registered title based on a chain that ignored the Williams family's overriding interest, or whether two distinct titles were improperly merged to create the appearance of a single absolute ownership.

Legal Significance: Examination of the registration file is now possible and essential. If the 1983 merger conflated distinct interests, the registered title does not reflect the true legal position, and the family has a legitimate claim to have the register corrected or reopened."
6,No Documented Tenancy Foundation,"Established Evidence: The Court of Appeal accepted a 1916 yearly agricultural tenancy and a 1949 tenancy. However, no signed 1916 tenancy agreement, attached plan, or deed of surrender by John Williams has been located (TenancyLeaseGHF, ""Supplementary Findings""; ""Fourth Review""). The 1949 tenancy was inferred from conduct, not proved by an executed document. No rent books, receipts, or ledgers were reproduced in the judgment (TenancyLeaseGHF, ""Fourth Review""). The 1938 sale to L.D. Thomas of Porthcawl for £5,500 (DSA/6/1158) did not result in the family's displacement, demonstrating a divergence between paper title and physical possession (bpvsbucker-rundown, p. 7).

Reasoned Inference: The tenancies accepted judicially are not necessarily identical to surviving executed agreements. Without plans and schedules, it is impossible to confirm whether the 1916 tenancy covered the farmhouse and curtilage or only the agricultural land. The absence of a signed surrender or a document acknowledging the estate's absolute ownership leaves a substantial gap.

Legal Significance: If the family held a hereditary copyhold or fee farm grant in 1916, the ""yearly agricultural tenancy"" was either a bureaucratic regularization that John Williams did not understand as surrendering ownership, or an estate fiction. The burden of proving a clean break from the 1667 interest was on the estate, and it was never discharged.","Established Evidence: No document has been identified in which John Williams, Mary Williams, Frederick Buckler, or Billy Buckler sold the freehold, executed a deed of surrender, or expressly disclaimed ownership (TenancyLeaseGHF, ""Fourth Review"").

Reasoned Inference: A 320-year proprietary interest cannot be extinguished by inference alone. The family's consistent assertion of ownership across generations, combined with the absence of any express renunciation, supports the inference that the family never voluntarily relinquished their claim.

Legal Significance: Where a family maintains ownership for three centuries and no document shows they ever relinquished it, the burden of proving extinguishment falls on the estate. The legal presumption should favor the continuous occupier where the documentary chain is broken by the estate's own missing records."
7,Identity Erasure: The 'Mrs Buckler' Legal Construct,"Established Evidence: From 1962 onwards, courts and estates consistently referred to Mary Doreen Williams as ""Mrs Buckler."" The 1974 licence was addressed to ""Mrs Buckler."" The 1987 judgment noted she was ""also from time to time referred to as Mrs Williams"" — reversing reality (Reconstruction v7.0, p. 22, 39; bpvsbucker-rundown, p. 8, 14). Mary retained her maiden name in daily life and in dealings with the estate.

Reasoned Inference: The naming convention disconnected her from the Williams lineage that underpinned her asserted grandfather rights. It bound Frederick Buckler's earlier expressed interest in a licence (which died with him in 1965) to Mary through a marital name she did not use. This was a litigation strategy, not a clerical error.

Legal Significance: By forcing a marital name on a woman who asserted rights through her paternal grandfather, the legal system stripped her of her cultural and ancestral connection to the land. Modern equality and human rights law would treat this as discriminatory and procedurally unfair, undermining the validity of the 1974 ""acceptance.""","Established Evidence: Mary consistently maintained ownership through her grandfather and rejected all tenancy characterizations. A 1978 newspaper article reported her publicly claiming ownership and rejecting BP's asserted claim — evidence later suppressed or excluded (bpvsbucker-rundown, p. 13).

Reasoned Inference: The 1974 licence trap — addressed to a non-existent ""Mrs Buckler"" so that any reply would acknowledge the name and any silence would be deemed acceptance — was a tactical fraud on a vulnerable widow. Mary was not silent; she expressly rejected BP's claim.

Legal Significance: A unilateral offer cannot be accepted by a party who expressly rejects it, nor can it be enforced against a person to whom it was not properly addressed. The licence was void ab initio as against Mary Williams, and BP's reliance on it was inequitable."
8,Immediate Demolition & Heritage Crime,"Established Evidence: Demolition occurred on or about 6 December 1988, within hours or days of the eviction. Cadw was actively considering emergency ""spot-listing"" and had scheduled an inspection for the weekend of 3 December (Reconstruction v7.0, p. 14; bpvsbucker-rundown, p. 15, 21). A High Court injunction to prevent demolition was briefly granted but then lifted. The 1992 planning permission was obtained without any condition requiring archaeological work (Reconstruction v7.0, p. 16). Planning documents described the 800-year-old farmhouse as a ""dilapidated utility building"" or ""ruined barn"" (bpvsbucker-rundown, p. 15, 17).

Reasoned Inference: Demolition prevented heritage listing and destroyed physical evidence of the 1667 tenure, the 1870 Roman soldier discovery beneath the floorboards, and any surviving title deeds hidden in the structure. Describing a monastic grange as a utility building was fraudulent misrepresentation to secure a demolition permit.

Legal Significance: Demolishing a building while a listing application is pending is prima facie evidence of bad faith. The timing suggests a pre-emptive strike to ensure the family had nothing physical to return to and to avoid heritage protection that would have prevented development.","Established Evidence: The 1994 Cotswold Archaeological Trust excavation revealed 1,026 early-medieval monastic burials — by far the largest early-medieval burial population recovered from Wales (Reconstruction v7.0, p. 16). The family had discovered a Roman soldier in armour, with horse, lance and shield, beneath the dining-room floor c. 1870/1888 (Reconstruction v7.0, p. 6, 34; bpvsbucker-rundown, p. 4, 17).

Reasoned Inference: The site's archaeological significance was known to the family for over a century but suppressed in planning documents. The developer (Ideal Homes Wales, now Persimmon) voluntarily funded the 1994 rescue dig only after demolition. If authorities claimed significance was ""unknown"" until 1994 to avoid preservation costs, this constitutes fraudulent misrepresentation.

Legal Significance: The demolition was a heritage crime. Destroying a known monument to prevent a family from reclaiming it and to avoid archaeological conditions is not lawful estate management; it is the destruction of evidence in active litigation and a heritage crime warranting criminal referral."
9,Western Ground Rents' Predatory History Inherited by BP,"Established Evidence: Hansard records (July 1961, 1966, 1969) describe Western Ground Rents as guilty of ""callous behaviour,"" ""machinations,"" ""arrogantly ignoring communications,"" ""one of the most inhuman and unjust"" landlords, and explicitly ""The Worst in Wales"" (Reconstruction v7.0, p. 9–10; bpvsbucker-rundown, p. 9). Its shareholders recovered capital more than twice within three years through dividends of 50% (1951–52), 25% (1953–56), 60% (1956–57), and 75% (1957, 1958) (bpvsbucker-rundown, p. 8). BP Pension Trust acquired Western Ground Rents' interest in December 1969 (Reconstruction v7.0, p. 11).

Reasoned Inference: BP inherited a predatory litigation position, not a clean title. It continued enforcement without ever seeking a High Court judicial determination of superior title. The 1987 judgment is the legal capstone of a corporate strategy that began with systematic abuse of Welsh tenants.

Legal Significance: When a corporation inherits an asset from a landlord condemned by Parliament for ""draining the lifeblood out of Wales,"" it inherits the duty to investigate title, not merely to enforce possession. BP's failure to examine the 300-year history before demolishing the home is corporate negligence at best, and complicity in predatory dispossession at worst.","Established Evidence: Western Ground Rents brought aggressive possession claims against multiple Welsh tenants. The 1962 action against Frederick Buckler and Mary Williams was part of a systematic pattern of enforcement (bpvsbucker-rundown, p. 8).

Reasoned Inference: The Williams family was not in a fair legal fight; they were victims of an entity with a documented history of systemic cruelty toward Welsh residents. BP's continuation of this litigation after 1969 suggests it adopted the same predatory posture.

Legal Significance: The historical context is essential for reparations. A public inquiry must examine whether BP knowingly exploited a predatory litigation infrastructure to dispossess a multi-generational Welsh family of their ancestral home and heritage."
10,Procedural Asymmetry & Denial of Fair Process,"Established Evidence: Western Ground Rents and BP repeatedly used County Court possession proceedings rather than High Court title declarations. County courts are designed for evictions, not complex 300-year title disputes involving manorial records and missing deeds (bpvsbucker-rundown, p. 10). Mary was an elderly, disabled widow (leg amputee, coronary thrombosis, pensioner) with no documented independent legal advice (Reconstruction v7.0, p. 9, 20; TenancyLeaseGHF, ""Vulnerability Review""). The 1974 County Court action was part-heard and adjourned without ruling on title (Reconstruction v7.0, p. 11–12).

Reasoned Inference: This procedural choice avoided discovery of the Bute Estate correspondence, manorial records, and missing deeds. The litigation was a war of attrition waged by a wealthy corporate landlord with pension-fund resources against a vulnerable, disabled widow.

Legal Significance: There was no equality of arms. The procedural framework was weaponized to deny justice. A public inquiry must examine whether the courts were used as an instrument of institutional bullying rather than impartial adjudication.","Established Evidence: The 1962 possession order was obtained against Frederick Buckler and Mary Williams without a full trial of the underlying ownership. The 1974 part-heard action was adjourned without ruling on title. Mary died in 1983 before the Court of Appeal proceedings concluded (Reconstruction v7.0, p. 11–14).

Reasoned Inference: The family was never given a fair hearing on the fundamental ownership question. A wealthy corporate landlord kept a disabled widow in County Court possession proceedings for decades, knowing she lacked the means to commission surveys, recover historical deeds, or challenge title in the High Court.

Legal Significance: This constitutes a structural denial of access to justice. Under modern human rights principles, the denial of a fair hearing on title — combined with the destruction of the home before the legal process was complete — engages the state's positive obligation to provide an effective remedy."
11,The 1876 Carve-Out & Missing Daniel Thomas Agreement,"Established Evidence: The Bute Estate severed 33 acres from Great House Farm for the Llandough Limeworks in 1876 (Glamorgan Archives ref. D153/4-8) (Reconstruction v7.0, p. 6, 17). Family testimony records an agreement with Daniel Thomas & Son: quarrying rights were exchanged for eventual title. A tree-planting ceremony marked this transition. The key deeds are now missing (Reconstruction v7.0, p. 18; bpvsbucker-rundown, p. 5). No rent evidence has been identified after this period (TenancyLeaseGHF, ""Supplementary Findings"").

Reasoned Inference: The 1876 severance may have broken the unity of the estate, allowing the farmhouse plot to acquire a separate legal identity — whether by express conveyance, implication, or recognition of an existing underlying interest. The missing deeds are the primary evidence of this separation.

Legal Significance: If the farmhouse became a separate freehold while the surrounding farmland remained on lease, every subsequent possession proceeding was misdirected at the wrong legal parcel. The 1987 judgment, which assumed a single tenancy over the whole property, may have proceeded on a false premise.","Established Evidence: Family testimony states that post-1876, the family gained absolute title to the house and garden, with surrounding farmland remaining on lease (Reconstruction v7.0, p. 18). The Daniel Thomas agreement deeds disappeared from Cardiff Central Library and the farmhouse loft by 1984 (Reconstruction v7.0, p. 19; bpvsbucker-rundown, p. 5).

Reasoned Inference: The disappearance of deeds from both public and private custody in the same period is consistent with deliberate concealment during the lead-up to the 1987 litigation and 1988 demolition. This is not administrative coincidence.

Legal Significance: The 1876 carve-out is the documentary pivot point of the entire case. If the missing deeds are located — or if their disappearance is proven to be deliberate — the family's ownership claim is materially strengthened and BP's title chain is fundamentally undermined."
12,The 1667 Transaction: Virtual Freehold vs Manorial Lease,"Established Evidence: Bute Estate records (NLW D 219) treat the family as part of a continuous sequence of manorial leases. Family testimony holds the 1667 acquisition was a 999-year lease — a ""virtual freehold"" — hereditary in practice, passing father to son (Reconstruction v7.0, p. 24, 31). No surviving 17th-century registered title exists. The 1916 tenancy appears on its face to treat the whole farm as a single holding (Reconstruction v7.0, p. 18, 25).

Reasoned Inference: In the 17th century, fee farm grants or 999-year leases were often perceived by families as purchases while superior lords maintained them as leases in the ledger to preserve manorial rights. This created two parallel perceptions: Estate (manorial lease) vs Family (hereditary ownership). The 19th-century administrative reclassification from ""Great House"" (Ty Mawr) to ""Great House Farm"" (Ty Mawr Farm) may have been a deliberate downgrade to erase proprietary history (bpvsbucker-rundown, p. 3).

Legal Significance: Determining the nature of the original tenure is central. If the 1667 transaction was a copyhold of inheritance or 999-year lease for lives, it was hereditary and virtually indistinguishable from freehold in practice. The estate's reclassification does not extinguish an underlying proprietary interest without express surrender.","Established Evidence: The Williams family occupied from at least 1667. 1821 and 1839 Baptist registrations confirm continued Williams presence. The 1891 goose-theft report confirms John Williams in occupation (Reconstruction v7.0, p. 5, 7, 31).

Reasoned Inference: The family's 300+ years of continuous occupation is the physical manifestation of a hereditary tenure. The Bute Estate's administrative consolidation in the 19th century — replacing ""Great House"" with ""Great House Farm"" — was a tactic to erase 300 years of proprietary standing and facilitate estate consolidation.

Legal Significance: The ""Erasure"" of manorial tenure records was possible because Court Baron records were the private property of the Lord (Bute family), who could re-characterize ancient hereditary tenure as revocable lease. The family's continuous occupation demonstrates a genuine and reasonable belief in ownership that merits full legal protection."
13,Absence of Rent Evidence & The Coerced 1953 Payment,"Established Evidence: The Court of Appeal accepted rent was paid but does not reproduce rent books, receipts, ledgers, or estate accounts (TenancyLeaseGHF, ""Fourth Review""). The only payment specifically discussed is the final payment under a judgment for arrears in 1953 (Reconstruction v7.0, p. 8; TenancyLeaseGHF, ""Fourth Review""). No continuous rent account, annual schedule, or tenant ledger has been identified after the 19th century.

Reasoned Inference: The absence of a continuous rent account across decades of alleged tenancy is an evidential chasm. The 1953 payment was coerced by court order, not a voluntary acknowledgment of tenancy. In equity, a payment extracted by legal threat is not an admission of title.

Legal Significance: A landlord claiming 60+ years of tenancy should produce a rent account. If the family truly believed they owned the farmhouse (and only leased the farmland), rent payments would have applied only to the farmland, and their cessation in 1955 marks the end of that agricultural relationship — not the beginning of trespass.","Established Evidence: Family testimony asserts no rent was paid for the farmhouse after 1876; any payments related only to surrounding farmland. The 1953 payment was the last, made under a judgment for arrears (TenancyLeaseGHF, ""Fourth Review"").

Reasoned Inference: The estate's inability to produce a continuous rent record weakens its claim of uninterrupted tenancy. The family's belief that they owned the house and only rented the land is consistent with the documentary gaps.

Legal Significance: If the farmhouse was not subject to rent, its occupation was not referable to any tenancy. The 1953 judgment payment cannot retrospectively convert a 320-year ownership claim into tenant status."
14,"No Express Renunciation, Surrender, or Conveyance Away","Established Evidence: Within the entire surviving record, there is no document in which John Williams, Mary Doreen Williams, Frederick Buckler, or William (""Billy"") Buckler sold the freehold, executed a deed of surrender, executed a release of ownership, or expressly disclaimed ownership (TenancyLeaseGHF, ""Fourth Review""). The Court of Appeal inferred a surrender by John Williams from conduct, but the instrument itself is missing (TenancyLeaseGHF, ""Supplementary Findings"").

Reasoned Inference: A 320-year proprietary interest cannot be extinguished by silence or inference alone. The absence of any express renunciation across four generations of active claimants is historically remarkable and legally significant.

Legal Significance: Where a family maintains ownership for three centuries and no document shows they ever relinquished it, the burden of proving extinguishment falls on the estate. The legal presumption should favor the continuous occupier where the documentary chain is broken by the estate's own missing records.","Established Evidence: Mary consistently maintained: ""It is my land."" Billy Buckler stated: ""I own this farm except the courtyard. They've got no documents for it"" (bpvsbucker-rundown, p. 24).

Reasoned Inference: The family's assertion of ownership remained remarkably consistent across generations, while the legal descriptions applied by external parties changed repeatedly over time. This consistency is not delusion; it is the rational conduct of people who genuinely believe they own their home.

Legal Significance: Persistence of claim over centuries, combined with active resistance to tenancy recharacterization, creates a powerful equitable argument. The family did not abandon their rights; they were progressively stripped of them through procedural attrition."
15,Disproportionate Force & Human Rights Violations,"Established Evidence: The 1988 eviction deployed approximately five bailiffs and 15–20 police officers to remove a pregnant woman and three infants from their home (Reconstruction v7.0, p. 15; bpvsbucker-rundown, p. 15). Billy Buckler was taken from his hospital bed to face charges (bpvsbucker-rundown, p. 16). The European Court of Human Rights application (14464/88) was declared inadmissible; the case file was later destroyed under retention policy (Reconstruction v7.0, p. 15; Evidence Gap Register).

Reasoned Inference: The force ratio was extreme: 25 officials against a family with children. The ECHR application was denied without substantive examination, and the destruction of the file removed any possibility of later review.

Legal Significance: Under modern human rights law (HRA 1998, Art. 8; ECHR Art. 8), the eviction of a family with young children from a long-established home requires strict proportionality assessment. The targeting of a pregnant mother and infants would likely be deemed disproportionate today.","Established Evidence: Branwen Buckler was pregnant. The children were infants. The family was left homeless, eventually living in a bus (bpvsbucker-rundown, p. 23). Billy Buckler claimed £30,000 worth of personal possessions were taken from the site (bpvsbucker-rundown, p. 23).

Reasoned Inference: The demolition of the home immediately after eviction, leaving the family destitute, is state-sanctioned destruction of a family unit. The ""force ratio"" and the denial of any effective remedy compound the violation.

Legal Significance: The historical treatment of the family deserves independent review. A public inquiry must examine whether the eviction was proportionate and whether the destruction of the ECHR file was consistent with the state's obligation to provide an effective remedy."
16,"38-Year Exile, Evidentiary Vacuum & Ongoing Injustice","Established Evidence: Since 1988, the family has been exiled from their ancestral land. The site is now Church View Close, a housing development of 20–23 dwellings (Reconstruction v7.0, p. 16–17). Critical records (court files, police logs, ECHR file, Cadw correspondence, estate papers) are missing, destroyed, or withheld (Evidence Gap Register). BP and the state have treated the 1987 technical possession ruling as an absolute shield against all inquiry.

Reasoned Inference: The pattern of missing records, destroyed files, and refused FOIs creates a presumption that the full truth has been suppressed. The family was left without compensation, without housing, and without narrative justice for nearly four decades.

Legal Significance: A possession order on a technicality is not the same as proving a clean root of title back through history. The 38-year exile has scattered the family, destroyed their economic base, and denied them the opportunity to prove their case.","Established Evidence: The family has formally placed on record an assertion that Rhys Buckler may be the rightful manorial lord of Llandough by primogeniture from the Williams–Buckler line (Reconstruction v7.0, p. 17; bpvsbucker-rundown, p. 18).

Reasoned Inference: Reparations are not merely about money; they are about restoring dignity, correcting historical falsehoods, and acknowledging a multi-generational wrong. The family's ongoing campaign for justice demonstrates that the harm is not merely historical but continuing.

Legal Significance: A public inquiry is warranted to examine: (1) whether the possession proceedings were procured by fraud or concealment; (2) whether the demolition was premeditated destruction of evidence; (3) whether the family's human rights were violated; and (4) whether reparations are due for 38 years of exile from ancestral land."
17,Archaeological Suppression & Planning Fraud,"Established Evidence: The 1992 planning permission was granted without any condition requiring archaeological work (Reconstruction v7.0, p. 16). Planning documents described the 800-year-old farmhouse as a ""dilapidated utility building"" or ""ruined barn"" (bpvsbucker-rundown, p. 15, 17). The 1994 excavation of 1,026 early-medieval monastic burials confirmed the site's national importance (Reconstruction v7.0, p. 16). The family had discovered a Roman soldier beneath the floor c. 1870/1888 (Reconstruction v7.0, p. 6, 34).

Reasoned Inference: Describing a monastic grange as a utility building was fraudulent misrepresentation to secure a demolition permit. If authorities claimed significance was ""unknown"" until 1994 to avoid preservation costs, this constitutes fraud on the planning authority.

Legal Significance: Demolishing a known monument to prevent a family from reclaiming it and to avoid archaeological conditions is not lawful estate management; it is the destruction of evidence in active litigation and a heritage crime warranting criminal referral.","Established Evidence: The 1994 Cotswold Archaeological Trust excavation revealed 1,026 early-medieval inhumation burials — by far the largest early-medieval burial population recovered from Wales. Radiocarbon dates span the late 8th to late 10th centuries (Reconstruction v7.0, p. 16). The 1870 discovery of a Roman soldier in armour, with horse, lance and shield, was never independently corroborated by 19th-century antiquarian publication but was reported in family testimony and later press (Reconstruction v7.0, p. 6, 34).

Reasoned Inference: The site's archaeological significance was known to the family for over a century but suppressed in planning documents. The developer (Ideal Homes Wales, now Persimmon) voluntarily funded the 1994 rescue dig only after demolition. The ""rescue"" framing ignored the family's earlier notice.

Legal Significance: The destruction of Great House Farm was a heritage crime that erased not only a family's home but a site of national archaeological importance. The fraudulent misrepresentation to the planning authority, combined with the demolition during active litigation, warrants reopening on grounds of fraud and abuse of process."
