Project	Preview	repo	cf_project	cname
_dcc	https://datro.xyz/static/_dcc/			
bpvsbuckler	https://datro.xyz/static/bpvsbuckler/			
brain	https://datro.xyz/static/brain/			
canvas	https://datro.xyz/static/canvas/			
ccan	https://datro.xyz/static/ccan/			
dash	https://datro.xyz/static/dash/			
datro	https://datro.xyz/static/datro/			
environment	https://datro.xyz/static/environment/			
ew	https://datro.xyz/static/ew/			
forces	https://datro.xyz/static/forces/			
gui	https://datro.xyz/static/gui/			
hbnb	https://datro.xyz/static/hbnb/			
library	https://datro.xyz/static/library/			
